name,category,lego_length_in,lego_width_in,lego_height_in,movie_length_ft,movie_width_ft,movie_height_ft,lego_dominant_in,movie_dominant_ft,scale_ratio,scale_label,url
Snowspeeder,Playscale,7,3,2.5,17.39,14,7,7,17.39,29.81,1:30,
Snowspeeder (Hyperion Bricks),BAUFman,5.3,4,2.5,17.39,14,7,5.3,17.39,39.37,1:39,
Jedi Interceptor,BAUFman,5,4,3,19.69,13,9,5.49,19.69,43,1:43,
Jedi Interceptor,Playscale,7.5,4,3,19.69,13,9,7.5,19.69,31.5,1:32,
A-Wing,Playscale,7,5,4,22.5,18,9,7,22.5,38.57,1:39,
A-Wing,BAUFman,6.75,5,4,22.5,18,9,6.75,22.5,40,1:40,
A-Wing,UCS,16.5,12,8,22.5,18,9,16.5,22.5,16.36,1:16,
TIE Interceptor,UCS,15.75,12,6,25.26,19,18,15.75,25.26,19.25,1:19,
TIE Interceptor,BAUFman,7,6,6,25.26,19,18,7,25.26,43.3,1:43,
TIE Fighter,Playscale,9,7,4,25.26,19,18,9,25.26,33.68,1:34,
TIE Fighter,BAUFman,6.15,5,5,25.26,19,18,6.15,25.26,49.29,1:49,
AT-ST,UCS,20.31,10,22,28.22,14,28.22,22,28.22,15.39,1:15,
AT-ST,Playscale,11.02,10.24,2.36,28.22,10,26,11.02,28.22,30.72,1:31,
AT-ST,BAUFman,8.5,7,6,28.22,14,28.22,8.5,28.22,39.84,1:40,
Red Five X-Wing,BAUFman,11,10,6,41.01,35,10,11,41.01,44.74,1:45,
X-Wing,Playscale,12.5,10,6,41.01,35,10,12.5,41.01,39.37,1:39,
X-Wing,UCS,21.65,18,10,41.01,35,10,21.65,41.01,22.73,1:23,
Y-Wing,BAUFman,13.75,9,5,53.28,34,10,13.75,53.28,46.5,1:46,
Y-Wing,UCS,22.83,14.76,4.53,58,37.5,11.5,22.83,53.28,28,1:28,
Y-Wing,Playscale,16,11.1,2.4,53.28,34,10,16,53.28,39.96,1:40,
B-Wing,Playscale,14.96,10.24,2.76,55.45,36,16,14.96,55.45,44.48,1:44,
B-Wing,BAUFman,14,9,6,55.45,36,16,14,55.45,47.53,1:48,
ARC-170,Playscale,14,10.94,2.24,41.7,65.12,12.5,14,65.12,55.82,1:56,
ARC-170,BAUFman,15,15,3.5,41.7,65.12,12.5,15,65.12,52.1,1:52,
Slave 1,UCS,17.32,14,8,70.54,52,45,17.32,70.54,48.87,1:49,
Slave 1,Playscale,8,6,5,70.54,52,45,8,70.54,105.81,1:106,
Slave 1,BAUFman,13,11,6,70.54,52,45,13,70.54,65.11,1:65,
AT-AT,UCS,24.41,10,25,73.82,30,65,25,73.82,35.43,1:35,
AT-AT (EDGE of BRICKS Mod),BAUFman,17.5,8,19,73.82,30,65,17.5,73.82,50.62,1:51,
U-Wing,BAUFman,17.5,14,5,78.72,46,18,17.5,78.72,53.98,1:54,
U-Wing,Playscale,16,12,6,78.72,46,18,16,78.72,59.04,1:59,
Razor Crest,Playscale,12.5,9,7,82.02,59,28,12.5,82.02,78.74,1:79,
Razor Crest,UCS,28.35,19,13,82.02,59,28,28.35,82.02,34.72,1:35,
Razor Crest,BAUFman,15.5,11,9,82.02,59,28,15.5,82.02,63.5,1:63,
Jabba's Sail Barge,UCS,30.31,12,9,98.43,25,28,30.31,98.43,38.97,1:39,
Imperial Shuttle,BAUFman,15.5,13,8,102,20,38,15.5,102,78.97,1:79,
Imperial Shuttle,UCS,26,22,16,102,20,38,26,102,47.08,1:47,
Imperial Shuttle,Playscale,13,10,8,102,20,38,13,102,94.15,1:94,
Millennium Falcon,UCS,33.07,23,8,113.25,84,34,33.07,113.25,41.09,1:41,
Millennium Falcon,BAUFman,17.5,12,6,113.25,84,34,17.5,113.25,77.66,1:78,
